PH133900000,Barangay 652,PH133913004,,U,39
PH133900000,Barangay 240,PH133901241,,U,56
PH133900000,Barangay 653,PH133913005,,U,58
PH133900000,Barangay 865,PH133912033,,U,79
PH133900000,Barangay 703,PH133910018,,U,114
PH133900000,Barangay 265,PH133901266,,U,125
PH133900000,Barangay 700,PH133910015,,U,138
PH133900000,Barangay 8,PH133901008,,U,147
PH133900000,Barangay 124,PH133901124,,U,159
PH133900000,Barangay 10,PH133901010,,U,160
PH133900000,Barangay 544,PH133906150,,U,164
PH133900000,Barangay 30,PH133901030,,U,166
PH133900000,Barangay 715,PH133910030,,U,180
PH133900000,Barangay 321,PH133905023,,U,240
PH133900000,Barangay 797,PH133914053,,U,244
PH133900000,Barangay 362,PH133905064,,U,252
PH133900000,Barangay 632,PH133906239,,U,254
PH133900000,Barangay 245,PH133901246,,U,281
PH133900000,Barangay 706,PH133910021,,U,296
PH133900000,Barangay 304,PH133905008,,U,298
PH133900000,Barangay 218,PH133901219,,U,321
PH133900000,Barangay 660,PH133908003,,U,332
PH133900000,Barangay 659,PH133908001,,U,361
PH133900000,Barangay 238,PH133901239,,U,364
PH133900000,Barangay 656,PH133909003,,U,364
PH133900000,Barangay 762,PH133914018,,U,365
PH133900000,Barangay 747,PH133914004,,U,369
PH133900000,Barangay 139,PH133901139,,U,371
PH133900000,Barangay 886,PH133914079,,U,384
PH133900000,Barangay 825,PH133911040,,U,388
PH133900000,Barangay 758,PH133914014,,U,399
PH133900000,Barangay 663-A,PH133908014,,U,403
PH133900000,Barangay 614,PH133906221,,U,404
PH133900000,Barangay 691,PH133910006,,U,409
PH133900000,Barangay 359,PH133905061,,U,410
PH133900000,Barangay 243,PH133901244,,U,436
PH133900000,Barangay 329,PH133905031,,U,439
PH133900000,Barangay 661,PH133908005,,U,441
PH133900000,Barangay 9,PH133901009,,U,447
PH133900000,Barangay 241,PH133901242,,U,447
PH133900000,Barangay 633,PH133906240,,U,447
PH133900000,Barangay 242,PH133901243,,U,448
PH133900000,Barangay 301,PH133905005,,U,448
PH133900000,Barangay 406,PH133906012,,U,449
PH133900000,Barangay 237,PH133901238,,U,452
PH133900000,Barangay 664,PH133908015,,U,456
PH133900000,Barangay 433,PH133906039,,U,464
PH133900000,Barangay 490,PH133906096,,U,471
PH133900000,Barangay 757,PH133914013,,U,477
PH133900000,Barangay 717,PH133910032,,U,479
PH133900000,Barangay 530,PH133906136,,U,483
PH133900000,Barangay 541,PH133906147,,U,485
PH133900000,Barangay 268,PH133904001,,U,489
PH133900000,Barangay 639,PH133907003,,U,490
PH133900000,Barangay 64,PH133901064,,U,495
PH133900000,Barangay 427,PH133906033,,U,495
PH133900000,Barangay 690,PH133910005,,U,496
PH133900000,Barangay 248,PH133901249,,U,503
PH133900000,Barangay 356,PH133905058,,U,505
PH133900000,Barangay 853,PH133912021,,U,505
PH133900000,Barangay 430,PH133906036,,U,508
PH133900000,Barangay 693,PH133910008,,U,511
PH133900000,Barangay 325,PH133905027,,U,522
PH133900000,Barangay 197,PH133901197,,U,523
PH133900000,Barangay 141,PH133901141,,U,529
PH133900000,Barangay 606,PH133906213,,U,532
PH133900000,Barangay 344,PH133905046,,U,536
PH133900000,Barangay 879,PH133914072,,U,538
PH133900000,Barangay 723,PH133910038,,U,540
PH133900000,Barangay 140,PH133901140,,U,543
PH133900000,Barangay 799,PH133914055,,U,544
PH133900000,Barangay 638,PH133907002,,U,545
PH133900000,Barangay 162,PH133901162,,U,556
PH133900000,Barangay 895,PH133914088,,U,556
PH133900000,Barangay 363,PH133905065,,U,559
PH133900000,Barangay 710,PH133910025,,U,559
PH133900000,Barangay 127,PH133901127,,U,565
PH133900000,Barangay 613,PH133906220,,U,568
PH133900000,Barangay 876,PH133914069,,U,574
PH133900000,Barangay 721,PH133910036,,U,577
PH133900000,Barangay 377,PH133905080,,U,578
PH133900000,Barangay 332,PH133905034,,U,582
PH133900000,Barangay 435,PH133906041,,U,592
PH133900000,Barangay 726,PH133910041,,U,595
PH133900000,Barangay 378,PH133905081,,U,602
PH133900000,Barangay 663,PH133908013,,U,604
PH133900000,Barangay 324,PH133905026,,U,605
PH133900000,Barangay 801,PH133914057,,U,614
PH133900000,Barangay 749,PH133914006,,U,616
PH133900000,Barangay 885,PH133914078,,U,623
PH133900000,Barangay 90,PH133901090,,U,630
PH133900000,Barangay 403,PH133906009,,U,630
PH133900000,Barangay 520,PH133906126,,U,631
PH133900000,Barangay 796,PH133914052,,U,631
PH133900000,Barangay 271,PH133904004,,U,633
PH133900000,Barangay 208,PH133901209,,U,635
PH133900000,Barangay 594,PH133906201,,U,636
PH133900000,Barangay 244,PH133901245,,U,640
PH133900000,Barangay 664-A,PH133911004,,U,640
PH133900000,Barangay 303,PH133905007,,U,641
PH133900000,Barangay 722,PH133910037,,U,641
PH133900000,Barangay 305,PH133905009,,U,645
PH133900000,Barangay 302,PH133905006,,U,654
PH133900000,Barangay 379,PH133905082,,U,654
PH133900000,Barangay 695,PH133910010,,U,654
PH133900000,Barangay 643,PH133907007,,U,657
PH133900000,Barangay 589,PH133906196,,U,660
PH133900000,Barangay 635,PH133906242,,U,660
PH133900000,Barangay 893,PH133914086,,U,662
PH133900000,Barangay 858,PH133912026,,U,665
PH133900000,Barangay 887,PH133914080,,U,665
PH133900000,Barangay 506,PH133906112,,U,668
PH133900000,Barangay 442,PH133906048,,U,670
PH133900000,Barangay 328,PH133905030,,U,679
PH133900000,Barangay 392,PH133903012,,U,695
PH133900000,Barangay 431,PH133906037,,U,700
PH133900000,Barangay 482,PH133906088,,U,701
PH133900000,Barangay 191,PH133901191,,U,703
PH133900000,Barangay 612,PH133906219,,U,703
PH133900000,Barangay 794,PH133914050,,U,710
PH133900000,Barangay 438,PH133906044,,U,712
PH133900000,Barangay 603,PH133906210,,U,712
PH133900000,Barangay 174,PH133901174,,U,715
PH133900000,Barangay 361,PH133905063,,U,715
PH133900000,Barangay 89,PH133901089,,U,720
PH133900000,Barangay 756,PH133914012,,U,721
PH133900000,Barangay 404,PH133906010,,U,723
PH133900000,Barangay 620,PH133906227,,U,725
PH133900000,Barangay 644,PH133907008,,U,729
PH133900000,Barangay 689,PH133910004,,U,733
PH133900000,Barangay 233,PH133901234,,U,735
PH133900000,Barangay 261,PH133901262,,U,735
PH133900000,Barangay 357,PH133905059,,U,736
PH133900000,Barangay 247,PH133901248,,U,737
PH133900000,Barangay 318,PH133905020,,U,740
PH133900000,Barangay 618,PH133906225,,U,740
PH133900000,Barangay 360,PH133905062,,U,741
PH133900000,Barangay 548,PH133906154,,U,749
PH133900000,Barangay 459,PH133906065,,U,752
PH133900000,Barangay 708,PH133910023,,U,753
PH133900000,Barangay 608,PH133906215,,U,756
PH133900000,Barangay 891,PH133914084,,U,760
PH133900000,Barangay 465,PH133906071,,U,762
PH133900000,Barangay 641,PH133907005,,U,763
PH133900000,Barangay 752,PH133914009,,U,763
PH133900000,Barangay 6,PH133901006,,U,771
PH133900000,Barangay 370,PH133905073,,U,772
PH133900000,Barangay 194,PH133901194,,U,775
PH133900000,Barangay 816,PH133911030,,U,781
PH133900000,Barangay 488,PH133906094,,U,783
PH133900000,Barangay 683,PH133911017,,U,784
PH133900000,Barangay 759,PH133914015,,U,787
PH133900000,Barangay 349,PH133905051,,U,788
PH133900000,Barangay 460,PH133906066,,U,789
PH133900000,Barangay 526,PH133906132,,U,790
PH133900000,Barangay 390,PH133903010,,U,792
PH133900000,Barangay 322,PH133905024,,U,799
PH133900000,Barangay 44,PH133901044,,U,800
PH133900000,Barangay 236,PH133901237,,U,801
PH133900000,Barangay 542,PH133906148,,U,802
PH133900000,Barangay 742,PH133910056,,U,807
PH133900000,Barangay 611,PH133906218,,U,808
PH133900000,Barangay 480,PH133906086,,U,810
PH133900000,Barangay 666,PH133908008,,U,810
PH133900000,Barangay 748,PH133914005,,U,812
PH133900000,Barangay 491,PH133906097,,U,813
PH133900000,Barangay 864,PH133912032,,U,813
PH133900000,Barangay 502,PH133906108,,U,815
PH133900000,Barangay 416,PH133906022,,U,821
PH133900000,Barangay 538,PH133906144,,U,821
PH133900000,Barangay 543,PH133906149,,U,822
PH133900000,Barangay 556,PH133906162,,U,822
PH133900000,Barangay 682,PH133911016,,U,822
PH133900000,Barangay 273,PH133904006,,U,825
PH133900000,Barangay 326,PH133905028,,U,825
PH133900000,Barangay 316,PH133905018,,U,829
PH133900000,Barangay 463,PH133906069,,U,830
PH133900000,Barangay 888,PH133914081,,U,837
PH133900000,Barangay 728,PH133910043,,U,840
PH133900000,Barangay 371,PH133905074,,U,842
PH133900000,Barangay 501,PH133906107,,U,845
PH133900000,Barangay 441,PH133906047,,U,856
PH133900000,Barangay 461,PH133906067,,U,863
PH133900000,Barangay 889,PH133914082,,U,864
PH133900000,Barangay 188,PH133901188,,U,865
PH133900000,Barangay 524,PH133906130,,U,865
PH133900000,Barangay 549,PH133906155,,U,867
PH133900000,Barangay 729,PH133910044,,U,871
PH133900000,Barangay 333,PH133905035,,U,877
PH133900000,Barangay 144,PH133901144,,U,880
PH133900000,Barangay 57,PH133901057,,U,882
PH133900000,Barangay 166,PH133901166,,U,882
PH133900000,Barangay 545,PH133906151,,U,883
PH133900000,Barangay 415,PH133906021,,U,884
PH133900000,Barangay 187,PH133901187,,U,886
PH133900000,Barangay 546,PH133906152,,U,892
PH133900000,Barangay 382,PH133905085,,U,896
PH133900000,Barangay 822,PH133911037,,U,897
PH133900000,Barangay 437,PH133906043,,U,899
PH133900000,Barangay 734,PH133910063,,U,902
PH133900000,Barangay 269,PH133904002,,U,904
PH133900000,Barangay 252,PH133901253,,U,910
PH133900000,Barangay 616,PH133906223,,U,910
PH133900000,Barangay 137,PH133901137,,U,911
PH133900000,Barangay 533,PH133906139,,U,913
PH133900000,Barangay 169,PH133901169,,U,914
PH133900000,Barangay 270,PH133904003,,U,918
PH133900000,Barangay 646,PH133907010,,U,918
PH133900000,Barangay 716,PH133910031,,U,920
PH133900000,Barangay 380,PH133905083,,U,921
PH133900000,Barangay 617,PH133906224,,U,921
PH133900000,Barangay 331,PH133905033,,U,924
PH133900000,Barangay 132,PH133901132,,U,925
PH133900000,Barangay 167,PH133901167,,U,926
PH133900000,Barangay 376,PH133905079,,U,930
PH133900000,Barangay 445,PH133906051,,U,931
PH133900000,Barangay 679,PH133911013,,U,931
PH133900000,Barangay 785,PH133914041,,U,932
PH133900000,Barangay 529,PH133906135,,U,935
PH133900000,Barangay 552,PH133906158,,U,937
PH133900000,Barangay 444,PH133906050,,U,941
PH133900000,Barangay 536,PH133906142,,U,944
PH133900000,Barangay 573,PH133906179,,U,947
PH133900000,Barangay 154,PH133901154,,U,948
PH133900000,Barangay 623,PH133906230,,U,954
PH133900000,Barangay 531,PH133906137,,U,956
PH133900000,Barangay 551,PH133906157,,U,959
PH133900000,Barangay 878,PH133914071,,U,960
PH133900000,Barangay 284,PH133904017,,U,961
PH133900000,Barangay 436,PH133906042,,U,964
PH133900000,Barangay 610,PH133906217,,U,968
PH133900000,Barangay 680,PH133911014,,U,968
PH133900000,Barangay 486,PH133906092,,U,969
PH133900000,Barangay 788,PH133914044,,U,969
PH133900000,Barangay 355,PH133905057,,U,970
PH133900000,Barangay 193,PH133901193,,U,979
PH133900000,Barangay 300,PH133905004,,U,981
PH133900000,Barangay 657,PH133909004,,U,982
PH133900000,Barangay 577,PH133906183,,U,985
PH133900000,Barangay 532,PH133906138,,U,987
PH133900000,Barangay 175,PH133901175,,U,988
PH133900000,Barangay 588,PH133906195,,U,989
PH133900000,Barangay 550,PH133906156,,U,992
PH133900000,Barangay 405,PH133906011,,U,999
PH133900000,Barangay 813,PH133911027,,U,1001
PH133900000,Barangay 446,PH133906052,,U,1002
PH133900000,Barangay 161,PH133901161,,U,1004
PH133900000,Barangay 440,PH133906046,,U,1004
PH133900000,Barangay 481,PH133906087,,U,1004
PH133900000,Barangay 508,PH133906114,,U,1006
PH133900000,Barangay 575,PH133906181,,U,1007
PH133900000,Barangay 165,PH133901165,,U,1014
PH133900000,Barangay 289,PH133902003,,U,1017
PH133900000,Barangay 298,PH133905002,,U,1020
PH133900000,Barangay 179,PH133901179,,U,1021
PH133900000,Barangay 61,PH133901061,,U,1022
PH133900000,Barangay 875,PH133914068,,U,1022
PH133900000,Barangay 451,PH133906057,,U,1027
PH133900000,Barangay 625,PH133906232,,U,1027
PH133900000,Barangay 145,PH133901145,,U,1029
PH133900000,Barangay 358,PH133905060,,U,1029
PH133900000,Barangay 517,PH133906123,,U,1029
PH133900000,Barangay 256,PH133901257,,U,1030
PH133900000,Barangay 308,PH133903017,,U,1033
PH133900000,Barangay 498,PH133906104,,U,1033
PH133900000,Barangay 535,PH133906141,,U,1035
PH133900000,Barangay 74,PH133901074,,U,1039
PH133900000,Barangay 452,PH133906058,,U,1039
PH133900000,Barangay 760,PH133914016,,U,1041
PH133900000,Barangay 654,PH133909001,,U,1042
PH133900000,Barangay 685,PH133911019,,U,1044
PH133900000,Barangay 477,PH133906083,,U,1045
PH133900000,Barangay 609,PH133906216,,U,1046
PH133900000,Barangay 890,PH133914083,,U,1049
PH133900000,Barangay 439,PH133906045,,U,1052
PH133900000,Barangay 707,PH133910022,,U,1052
PH133900000,Barangay 851,PH133912019,,U,1052
PH133900000,Barangay 134,PH133901134,,U,1058
PH133900000,Barangay 547,PH133906153,,U,1059
PH133900000,Barangay 323,PH133905025,,U,1060
PH133900000,Barangay 761,PH133914017,,U,1062
PH133900000,Barangay 272,PH133904005,,U,1064
PH133900000,Barangay 399,PH133906005,,U,1068
PH133900000,Barangay 712,PH133910027,,U,1068
PH133900000,Barangay 224,PH133901225,,U,1069
PH133900000,Barangay 861,PH133912029,,U,1072
PH133900000,Barangay 219,PH133901220,,U,1080
PH133900000,Barangay 537,PH133906143,,U,1085
PH133900000,Barangay 255,PH133901256,,U,1086
PH133900000,Barangay 516,PH133906122,,U,1087
PH133900000,Barangay 585,PH133906191,,U,1090
PH133900000,Barangay 522,PH133906128,,U,1091
PH133900000,Barangay 290,PH133902004,,U,1093
PH133900000,Barangay 681,PH133911015,,U,1094
PH133900000,Barangay 88,PH133901088,,U,1096
PH133900000,Barangay 534,PH133906140,,U,1096
PH133900000,Barangay 578,PH133906184,,U,1100
PH133900000,Barangay 560,PH133906166,,U,1103
PH133900000,Barangay 492,PH133906098,,U,1107
PH133900000,Barangay 750,PH133914007,,U,1107
PH133900000,Barangay 59,PH133901059,,U,1112
PH133900000,Barangay 68,PH133901068,,U,1115
PH133900000,Barangay 523,PH133906129,,U,1115
PH133900000,Barangay 852,PH133912020,,U,1118
PH133900000,Barangay 15,PH133901015,,U,1119
PH133900000,Barangay 472,PH133906078,,U,1122
PH133900000,Barangay 47,PH133901047,,U,1123
PH133900000,Barangay 171,PH133901171,,U,1124
PH133900000,Barangay 478,PH133906084,,U,1129
PH133900000,Barangay 510,PH133906116,,U,1134
PH133900000,Barangay 555,PH133906161,,U,1138
PH133900000,Barangay 84,PH133901084,,U,1141
PH133900000,Barangay 489,PH133906095,,U,1142
PH133900000,Barangay 892,PH133914085,,U,1144
PH133900000,Barangay 768,PH133914024,,U,1147
PH133900000,Barangay 345,PH133905047,,U,1149
PH133900000,Barangay 309,PH133903018,,U,1151
PH133900000,Barangay 201,PH133901201,,U,1152
PH133900000,Barangay 454,PH133906060,,U,1153
PH133900000,Barangay 718,PH133910033,,U,1155
PH133900000,Barangay 795,PH133914051,,U,1157
PH133900000,Barangay 467,PH133906073,,U,1160
PH133900000,Barangay 126,PH133901126,,U,1162
PH133900000,Barangay 493,PH133906099,,U,1170
PH133900000,Barangay 434,PH133906040,,U,1173
PH133900000,Barangay 389,PH133903009,,U,1174
PH133900000,Barangay 17,PH133901017,,U,1176
PH133900000,Barangay 496,PH133906102,,U,1177
PH133900000,Barangay 251,PH133901252,,U,1181
PH133900000,Barangay 258,PH133901259,,U,1181
PH133900000,Barangay 250,PH133901251,,U,1182
PH133900000,Barangay 503,PH133906109,,U,1183
PH133900000,Barangay 809,PH133911023,,U,1189
PH133900000,Barangay 366,PH133905069,,U,1193
PH133900000,Barangay 296,PH133902010,,U,1195
PH133900000,Barangay 136,PH133901136,,U,1197
PH133900000,Barangay 622,PH133906229,,U,1197
PH133900000,Barangay 505,PH133906111,,U,1200
PH133900000,Barangay 741,PH133910055,,U,1207
PH133900000,Barangay 319,PH133905021,,U,1209
PH133900000,Barangay 172,PH133901172,,U,1210
PH133900000,Barangay 688,PH133910059,,U,1212
PH133900000,Barangay 202-A,PH133901203,,U,1213
PH133900000,Barangay 386,PH133903006,,U,1213
PH133900000,Barangay 78,PH133901078,,U,1221
PH133900000,Barangay 395,PH133906001,,U,1222
PH133900000,Barangay 744,PH133910058,,U,1223
PH133900000,Barangay 671,PH133911005,,U,1227
PH133900000,Barangay 190,PH133901190,,U,1232
PH133900000,Barangay 466,PH133906072,,U,1237
PH133900000,Barangay 805,PH133914061,,U,1237
PH133900000,Barangay 720,PH133910035,,U,1238
PH133900000,Barangay 327,PH133905029,,U,1239
PH133900000,Barangay 306,PH133903015,,U,1248
PH133900000,Barangay 873,PH133914066,,U,1248
PH133900000,Barangay 348,PH133905050,,U,1249
PH133900000,Barangay 804,PH133914060,,U,1251
PH133900000,Barangay 246,PH133901247,,U,1254
PH133900000,Barangay 631,PH133906238,,U,1254
PH133900000,Barangay 160,PH133901160,,U,1256
PH133900000,Barangay 388,PH133903008,,U,1260
PH133900000,Barangay 509,PH133906115,,U,1260
PH133900000,Barangay 558,PH133906164,,U,1260
PH133900000,Barangay 557,PH133906163,,U,1262
PH133900000,Barangay 217,PH133901218,,U,1263
PH133900000,Barangay 339,PH133905041,,U,1265
PH133900000,Barangay 896,PH133914089,,U,1265
PH133900000,Barangay 347,PH133905049,,U,1266
PH133900000,Barangay 476,PH133906082,,U,1268
PH133900000,Barangay 220,PH133901221,,U,1270
PH133900000,Barangay 455,PH133906061,,U,1274
PH133900000,Barangay 587-A,PH133906194,,U,1277
PH133900000,Barangay 176,PH133901176,,U,1278
PH133900000,Barangay 365,PH133905067,,U,1278
PH133900000,Barangay 583,PH133906189,,U,1278
PH133900000,Barangay 642,PH133907006,,U,1279
PH133900000,Barangay 694,PH133910009,,U,1281
PH133900000,Barangay 619,PH133906226,,U,1283
PH133900000,Barangay 559,PH133906165,,U,1285
PH133900000,Barangay 626,PH133906233,,U,1285
PH133900000,Barangay 5,PH133901005,,U,1288
PH133900000,Barangay 711,PH133910026,,U,1294
PH133900000,Barangay 678,PH133911012,,U,1294
PH133900000,Barangay 637,PH133907001,,U,1295
PH133900000,Barangay 882,PH133914075,,U,1298
PH133900000,Barangay 299,PH133905003,,U,1300
PH133900000,Barangay 320,PH133905022,,U,1300
PH133900000,Barangay 468,PH133906074,,U,1300
PH133900000,Barangay 824,PH133911039,,U,1302
PH133900000,Barangay 428,PH133906034,,U,1304
PH133900000,Barangay 263,PH133901264,,U,1306
PH133900000,Barangay 423,PH133906029,,U,1307
PH133900000,Barangay 257,PH133901258,,U,1308
PH133900000,Barangay 845,PH133912013,,U,1309
PH133900000,Barangay 519,PH133906125,,U,1311
PH133900000,Barangay 504,PH133906110,,U,1312
PH133900000,Barangay 634,PH133906241,,U,1319
PH133900000,Barangay 902,PH133914095,,U,1328
PH133900000,Barangay 253,PH133901254,,U,1329
PH133900000,Barangay 692,PH133910007,,U,1329
PH133900000,Barangay 368,PH133905071,,U,1337
PH133900000,Barangay 485,PH133906091,,U,1337
PH133900000,Barangay 511,PH133906117,,U,1338
PH133900000,Barangay 3,PH133901003,,U,1341
PH133900000,Barangay 352,PH133905054,,U,1342
PH133900000,Barangay 283,PH133904016,,U,1345
PH133900000,Barangay 75,PH133901075,,U,1350
PH133900000,Barangay 335,PH133905037,,U,1350
PH133900000,Barangay 859,PH133912027,,U,1355
PH133900000,Barangay 483,PH133906089,,U,1369
PH133900000,Barangay 714,PH133910029,,U,1371
PH133900000,Barangay 77,PH133901077,,U,1372
PH133900000,Barangay 755,PH133914011,,U,1372
PH133900000,Barangay 815,PH133911029,,U,1374
PH133900000,Barangay 448,PH133906054,,U,1375
PH133900000,Barangay 170,PH133901170,,U,1378
PH133900000,Barangay 307,PH133903016,,U,1378
PH133900000,Barangay 338,PH133905040,,U,1378
PH133900000,Barangay 443,PH133906049,,U,1382
PH133900000,Barangay 473,PH133906079,,U,1383
PH133900000,Barangay 337,PH133905039,,U,1386
PH133900000,Barangay 168,PH133901168,,U,1387
PH133900000,Barangay 818,PH133911032,,U,1388
PH133900000,Barangay 369,PH133905072,,U,1396
PH133900000,Barangay 674,PH133911008,,U,1398
PH133900000,Barangay 143,PH133901143,,U,1401
PH133900000,Barangay 195,PH133901195,,U,1401
PH133900000,Barangay 449,PH133906055,,U,1402
PH133900000,Barangay 725,PH133910040,,U,1409
PH133900000,Barangay 86,PH133901086,,U,1415
PH133900000,Barangay 471,PH133906077,,U,1415
PH133900000,Barangay 820,PH133911035,,U,1417
PH133900000,Barangay 202,PH133901202,,U,1420
PH133900000,Barangay 624,PH133906231,,U,1429
PH133900000,Barangay 553,PH133906159,,U,1430
PH133900000,Barangay 564,PH133906170,,U,1430
PH133900000,Barangay 676,PH133911010,,U,1431
PH133900000,Barangay 394,PH133903014,,U,1433
PH133900000,Barangay 528,PH133906134,,U,1433
PH133900000,Barangay 687,PH133911049,,U,1434
PH133900000,Barangay 786,PH133914042,,U,1439
PH133900000,Barangay 63,PH133901063,,U,1448
PH133900000,Barangay 447,PH133906053,,U,1454
PH133900000,Barangay 487,PH133906093,,U,1457
PH133900000,Barangay 334,PH133905036,,U,1461
PH133900000,Barangay 458,PH133906064,,U,1462
PH133900000,Barangay 341,PH133905043,,U,1463
PH133900000,Barangay 83,PH133901083,,U,1473
PH133900000,Barangay 421,PH133906027,,U,1474
PH133900000,Barangay 16,PH133901016,,U,1477
PH133900000,Barangay 604,PH133906211,,U,1477
PH133900000,Barangay 574,PH133906180,,U,1479
PH133900000,Barangay 189,PH133901189,,U,1481
PH133900000,Barangay 863,PH133912031,,U,1481
PH133900000,Barangay 782,PH133914038,,U,1483
PH133900000,Barangay 497,PH133906103,,U,1489
PH133900000,Barangay 453,PH133906059,,U,1492
PH133900000,Barangay 499,PH133906105,,U,1498
PH133900000,Barangay 400,PH133906006,,U,1504
PH133900000,Barangay 833,PH133912001,,U,1504
PH133900000,Barangay 157,PH133901157,,U,1505
PH133900000,Barangay 346,PH133905048,,U,1511
PH133900000,Barangay 178,PH133901178,,U,1519
PH133900000,Barangay 79,PH133901079,,U,1520
PH133900000,Barangay 563,PH133906169,,U,1526
PH133900000,Barangay 462,PH133906068,,U,1528
PH133900000,Barangay 456,PH133906062,,U,1530
PH133900000,Barangay 295,PH133902009,,U,1531
PH133900000,Barangay 507,PH133906113,,U,1532
PH133900000,Barangay 730,PH133910045,,U,1539
PH133900000,Barangay 207,PH133901208,,U,1541
PH133900000,Barangay 751,PH133914008,,U,1541
PH133900000,Barangay 317,PH133905019,,U,1542
PH133900000,Barangay 229,PH133901230,,U,1545
PH133900000,Barangay 554,PH133906160,,U,1551
PH133900000,Barangay 149,PH133901149,,U,1554
PH133900000,Barangay 235,PH133901236,,U,1557
PH133900000,Barangay 159,PH133901159,,U,1558
PH133900000,Barangay 800,PH133914056,,U,1558
PH133900000,Barangay 7,PH133901007,,U,1560
PH133900000,Barangay 226,PH133901227,,U,1562
PH133900000,Barangay 798,PH133914054,,U,1562
PH133900000,Barangay 899,PH133914092,,U,1562
PH133900000,Barangay 582,PH133906188,,U,1563
PH133900000,Barangay 407,PH133906013,,U,1571
PH133900000,Barangay 818-A,PH133914101,,U,1574
PH133900000,Barangay 214,PH133901215,,U,1577
PH133900000,Barangay 848,PH133912016,,U,1586
PH133900000,Barangay 381,PH133905084,,U,1591
PH133900000,Barangay 677,PH133911011,,U,1591
PH133900000,Barangay 662,PH133911001,,U,1601
PH133900000,Barangay 806,PH133914062,,U,1603
PH133900000,Barangay 627,PH133906234,,U,1605
PH133900000,Barangay 655,PH133909002,,U,1607
PH133900000,Barangay 743,PH133910057,,U,1607
PH133900000,Barangay 249,PH133901250,,U,1610
PH133900000,Barangay 901,PH133914094,,U,1610
PH133900000,Barangay 856,PH133912024,,U,1611
PH133900000,Barangay 156,PH133901156,,U,1615
PH133900000,Barangay 173,PH133901173,,U,1616
PH133900000,Barangay 789,PH133914045,,U,1620
PH133900000,Barangay 131,PH133901131,,U,1621
PH133900000,Barangay 223,PH133901224,,U,1629
PH133900000,Barangay 65,PH133901065,,U,1631
PH133900000,Barangay 196,PH133901196,,U,1631
PH133900000,Barangay 87,PH133901087,,U,1633
PH133900000,Barangay 629,PH133906236,,U,1633
PH133900000,Barangay 342,PH133905044,,U,1634
PH133900000,Barangay 151,PH133901151,,U,1639
PH133900000,Barangay 260,PH133901261,,U,1645
PH133900000,Barangay 54,PH133901054,,U,1648
PH133900000,Barangay 474,PH133906080,,U,1655
PH133900000,Barangay 746,PH133914003,,U,1663
PH133900000,Barangay 475,PH133906081,,U,1664
PH133900000,Barangay 266,PH133901267,,U,1665
PH133900000,Barangay 200,PH133901200,,U,1666
PH133900000,Barangay 396,PH133906002,,U,1666
PH133900000,Barangay 597,PH133906204,,U,1672
PH133900000,Barangay 186,PH133901186,,U,1678
PH133900000,Barangay 4,PH133901004,,U,1691
PH133900000,Barangay 419,PH133906025,,U,1696
PH133900000,Barangay 413,PH133906019,,U,1702
PH133900000,Barangay 579,PH133906185,,U,1703
PH133900000,Barangay 812,PH133911026,,U,1703
PH133900000,Barangay 645,PH133907009,,U,1704
PH133900000,Barangay 803,PH133914059,,U,1705
PH133900000,Barangay 367,PH133905070,,U,1708
PH133900000,Barangay 142,PH133901142,,U,1710
PH133900000,Barangay 414,PH133906020,,U,1716
PH133900000,Barangay 817,PH133911031,,U,1716
PH133900000,Barangay 793,PH133914049,,U,1722
PH133900000,Barangay 834,PH133912002,,U,1733
PH133900000,Barangay 262,PH133901263,,U,1736
PH133900000,Barangay 698,PH133910013,,U,1736
PH133900000,Barangay 790,PH133914046,,U,1741
PH133900000,Barangay 605,PH133906212,,U,1751
PH133900000,Barangay 130,PH133901130,,U,1758
PH133900000,Barangay 205,PH133901206,,U,1760
PH133900000,Barangay 826,PH133911041,,U,1760
PH133900000,Barangay 408,PH133906014,,U,1768
PH133900000,Barangay 593,PH133906200,,U,1775
PH133900000,Barangay 484,PH133906090,,U,1777
PH133900000,Barangay 232,PH133901233,,U,1778
PH133900000,Barangay 763,PH133914019,,U,1779
PH133900000,Barangay 607,PH133906214,,U,1782
PH133900000,Barangay 525,PH133906131,,U,1784
PH133900000,Barangay 239,PH133901240,,U,1785
PH133900000,Barangay 315,PH133905017,,U,1786
PH133900000,Barangay 426,PH133906032,,U,1786
PH133900000,Barangay 621,PH133906228,,U,1787
PH133900000,Barangay 802,PH133914058,,U,1787
PH133900000,Barangay 727,PH133910042,,U,1790
PH133900000,Barangay 904,PH133914097,,U,1797
PH133900000,Barangay 164,PH133901164,,U,1807
PH133900000,Barangay 354,PH133905056,,U,1810
PH133900000,Barangay 771,PH133914027,,U,1813
PH133900000,Barangay 877,PH133914070,,U,1813
PH133900000,Barangay 81,PH133901081,,U,1815
PH133900000,Barangay 615,PH133906222,,U,1828
PH133900000,Barangay 450,PH133906056,,U,1835
PH133900000,Barangay 227,PH133901228,,U,1836
PH133900000,Barangay 76,PH133901076,,U,1844
PH133900000,Barangay 539,PH133906145,,U,1846
PH133900000,Barangay 568,PH133906174,,U,1847
PH133900000,Barangay 846,PH133912014,,U,1848
PH133900000,Barangay 778,PH133914034,,U,1848
PH133900000,Barangay 849,PH133912017,,U,1849
PH133900000,Barangay 34,PH133901034,,U,1854
PH133900000,Barangay 572,PH133906178,,U,1856
PH133900000,Barangay 872,PH133912038,,U,1864
PH133900000,Barangay 192,PH133901192,,U,1878
PH133900000,Barangay 294,PH133902008,,U,1881
PH133900000,Barangay 894,PH133914087,,U,1885
PH133900000,Barangay 2,PH133901002,,U,1887
PH133900000,Barangay 231,PH133901232,,U,1888
PH133900000,Barangay 412,PH133906018,,U,1890
PH133900000,Barangay 857,PH133912025,,U,1894
PH133900000,Barangay 98,PH133901098,,U,1899
PH133900000,Barangay 424,PH133906030,,U,1900
PH133900000,Barangay 411,PH133906017,,U,1903
PH133900000,Barangay 495,PH133906101,,U,1906
PH133900000,Barangay 518,PH133906124,,U,1908
PH133900000,Barangay 409,PH133906015,,U,1921
PH133900000,Barangay 158,PH133901158,,U,1934
PH133900000,Barangay 135,PH133901135,,U,1935
PH133900000,Barangay 274,PH133904007,,U,1944
PH133900000,Barangay 234,PH133901235,,U,1945
PH133900000,Barangay 540,PH133906146,,U,1951
PH133900000,Barangay 267,PH133901268,,U,1952
PH133900000,Barangay 469,PH133906075,,U,1956
PH133900000,Barangay 713,PH133910028,,U,1964
PH133900000,Barangay 62,PH133901062,,U,1967
PH133900000,Barangay 697,PH133910012,,U,1967
PH133900000,Barangay 69,PH133901069,,U,1968
PH133900000,Barangay 732,PH133910047,,U,1974
PH133900000,Barangay 18,PH133901018,,U,1982
PH133900000,Barangay 364,PH133905066,,U,1985
PH133900000,Barangay 675,PH133911009,,U,1988
PH133900000,Barangay 821,PH133911036,,U,1995
PH133900000,Barangay 769,PH133914025,,U,1997
PH133900000,Barangay 602,PH133906209,,U,2000
PH133900000,Barangay 570,PH133906176,,U,2002
PH133900000,Barangay 297,PH133905001,,U,2005
PH133900000,Barangay 211,PH133901212,,U,2007
PH133900000,Barangay 819,PH133911034,,U,2007
PH133900000,Barangay 839,PH133912007,,U,2007
PH133900000,Barangay 580,PH133906186,,U,2008
PH133900000,Barangay 340,PH133905042,,U,2009
PH133900000,Barangay 869,PH133912039,,U,2010
PH133900000,Barangay 807,PH133914063,,U,2010
PH133900000,Barangay 417,PH133906023,,U,2011
PH133900000,Barangay 745,PH133914002,,U,2015
PH133900000,Barangay 874,PH133914067,,U,2016
PH133900000,Barangay 764,PH133914020,,U,2022
PH133900000,Barangay 791,PH133914047,,U,2029
PH133900000,Barangay 513,PH133906119,,U,2033
PH133900000,Barangay 222,PH133901223,,U,2040
PH133900000,Barangay 153,PH133901153,,U,2051
PH133900000,Barangay 37,PH133901037,,U,2057
PH133900000,Barangay 735,PH133910060,,U,2063
PH133900000,Barangay 314,PH133905016,,U,2064
PH133900000,Barangay 285,PH133904018,,U,2066
PH133900000,Barangay 14,PH133901014,,U,2070
PH133900000,Barangay 765,PH133914021,,U,2075
PH133900000,Barangay 569,PH133906175,,U,2086
PH133900000,Barangay 425,PH133906031,,U,2087
PH133900000,Barangay 46,PH133901046,,U,2088
PH133900000,Barangay 259,PH133901260,,U,2090
PH133900000,Barangay 571,PH133906177,,U,2097
PH133900000,Barangay 96,PH133901096,,U,2100
PH133900000,Barangay 658,PH133909005,,U,2108
PH133900000,Barangay 133,PH133901133,,U,2115
PH133900000,Barangay 867,PH133912034,,U,2116
PH133900000,Barangay 49,PH133901049,,U,2119
PH133900000,Barangay 336,PH133905038,,U,2134
PH133900000,Barangay 527,PH133906133,,U,2134
PH133900000,Barangay 636,PH133906243,,U,2135
PH133900000,Barangay 12,PH133901012,,U,2137
PH133900000,Barangay 42,PH133901042,,U,2142
PH133900000,Barangay 855,PH133912023,,U,2142
PH133900000,Barangay 180,PH133901180,,U,2145
PH133900000,Barangay 640,PH133907004,,U,2145
PH133900000,Barangay 783,PH133914039,,U,2145
PH133900000,Barangay 566,PH133906172,,U,2160
PH133900000,Barangay 515,PH133906121,,U,2166
PH133900000,Barangay 897,PH133914090,,U,2166
PH133900000,Barangay 94,PH133901094,,U,2178
PH133900000,Barangay 808,PH133914100,,U,2183
PH133900000,Barangay 814,PH133911028,,U,2196
PH133900000,Barangay 883,PH133914076,,U,2199
PH133900000,Barangay 343,PH133905045,,U,2209
PH133900000,Barangay 737,PH133910062,,U,2209
PH133900000,Barangay 884,PH133914077,,U,2216
PH133900000,Barangay 32,PH133901032,,U,2219
PH133900000,Barangay 100,PH133901100,,U,2222
PH133900000,Barangay 36,PH133901036,,U,2231
PH133900000,Barangay 353,PH133905055,,U,2232
PH133900000,Barangay 330,PH133905032,,U,2244
PH133900000,Barangay 521,PH133906127,,U,2244
PH133900000,Barangay 841,PH133912009,,U,2250
PH133900000,Barangay 470,PH133906076,,U,2260
PH133900000,Barangay 45,PH133901045,,U,2264
PH133900000,Barangay 35,PH133901035,,U,2265
PH133900000,Barangay 383,PH133903003,,U,2267
PH133900000,Barangay 19,PH133901019,,U,2272
PH133900000,Barangay 147,PH133901147,,U,2275
PH133900000,Barangay 150,PH133901150,,U,2277
PH133900000,Barangay 291,PH133902005,,U,2279
PH133900000,Barangay 514,PH133906120,,U,2283
PH133900000,Barangay 281,PH133904014,,U,2288
PH133900000,Barangay 810,PH133911024,,U,2293
PH133900000,Barangay 422,PH133906028,,U,2304
PH133900000,Barangay 479,PH133906085,,U,2307
PH133900000,Barangay 780,PH133914036,,U,2316
PH133900000,Barangay 494,PH133906100,,U,2318
PH133900000,Barangay 567,PH133906173,,U,2318
PH133900000,Barangay 39,PH133901039,,U,2324
PH133900000,Barangay 881,PH133914074,,U,2325
PH133900000,Barangay 561,PH133906167,,U,2332
PH133900000,Barangay 811,PH133911025,,U,2332
PH133900000,Barangay 148,PH133901148,,U,2333
PH133900000,Barangay 401,PH133906007,,U,2333
PH133900000,Barangay 724,PH133910039,,U,2338
PH133900000,Barangay 70,PH133901070,,U,2344
PH133900000,Barangay 119,PH133901119,,U,2345
PH133900000,Barangay 230,PH133901231,,U,2364
PH133900000,Barangay 13,PH133901013,,U,2371
PH133900000,Barangay 592,PH133906199,,U,2371
PH133900000,Barangay 667,PH133908009,,U,2371
PH133900000,Barangay 596,PH133906203,,U,2375
PH133900000,Barangay 753,PH133914010,,U,2380
PH133900000,Barangay 311,PH133905013,,U,2401
PH133900000,Barangay 871,PH133912037,,U,2407
PH133900000,Barangay 225,PH133901226,,U,2419
PH133900000,Barangay 862,PH133912030,,U,2419
PH133900000,Barangay 696,PH133910011,,U,2420
PH133900000,Barangay 410,PH133906016,,U,2424
PH133900000,Barangay 772,PH133914028,,U,2426
PH133900000,Barangay 216,PH133901217,,U,2431
PH133900000,Barangay 206,PH133901207,,U,2433
PH133900000,Barangay 647,PH133907011,,U,2440
PH133900000,Barangay 264,PH133901265,,U,2443
PH133900000,Barangay 457,PH133906063,,U,2445
PH133900000,Barangay 850,PH133912018,,U,2456
PH133900000,Barangay 660-A,PH133908004,,U,2457
PH133900000,Barangay 282,PH133904015,,U,2458
PH133900000,Barangay 581,PH133906187,,U,2461
PH133900000,Barangay 203,PH133901204,,U,2462
PH133900000,Barangay 565,PH133906171,,U,2464
PH133900000,Barangay 512,PH133906118,,U,2473
PH133900000,Barangay 73,PH133901073,,U,2478
PH133900000,Barangay 55,PH133901055,,U,2492
PH133900000,Barangay 591,PH133906198,,U,2498
PH133900000,Barangay 106,PH133901106,,U,2513
PH133900000,Barangay 288,PH133902002,,U,2538
PH133900000,Barangay 840,PH133912008,,U,2541
PH133900000,Barangay 276,PH133904009,,U,2543
PH133900000,Barangay 25,PH133901025,,U,2545
PH133900000,Barangay 287,PH133902001,,U,2546
PH133900000,Barangay 80,PH133901080,,U,2553
PH133900000,Barangay 26,PH133901026,,U,2555
PH133900000,Barangay 651,PH133913003,,U,2556
PH133900000,Barangay 391,PH133903011,,U,2558
PH133900000,Barangay 792,PH133914048,,U,2559
PH133900000,Barangay 500,PH133906106,,U,2562
PH133900000,Barangay 51,PH133901051,,U,2580
PH133900000,Barangay 562,PH133906168,,U,2583
PH133900000,Barangay 754,PH133914099,,U,2584
PH133900000,Barangay 659-A,PH133908002,,U,2607
PH133900000,Barangay 92,PH133901092,,U,2639
PH133900000,Barangay 82,PH133901082,,U,2642
PH133900000,Barangay 668,PH133908010,,U,2645
PH133900000,Barangay 387,PH133903007,,U,2654
PH133900000,Barangay 828,PH133911043,,U,2658
PH133900000,Barangay 111,PH133901111,,U,2661
PH133900000,Barangay 827,PH133911042,,U,2661
PH133900000,Barangay 212,PH133901213,,U,2675
PH133900000,Barangay 110,PH133901110,,U,2677
PH133900000,Barangay 705,PH133910020,,U,2683
PH133900000,Barangay 204,PH133901205,,U,2684
PH133900000,Barangay 701,PH133910016,,U,2695
PH133900000,Barangay 835,PH133912003,,U,2706
PH133900000,Barangay 684,PH133911018,,U,2730
PH133900000,Barangay 52,PH133901052,,U,2732
PH133900000,Barangay 773,PH133914029,,U,2748
PH133900000,Barangay 11,PH133901011,,U,2758
PH133900000,Barangay 402,PH133906008,,U,2758
PH133900000,Barangay 673,PH133911007,,U,2764
PH133900000,Barangay 181,PH133901181,,U,2773
PH133900000,Barangay 670,PH133908012,,U,2774
PH133900000,Barangay 28,PH133901028,,U,2787
PH133900000,Barangay 842,PH133912010,,U,2812
PH133900000,Barangay 429,PH133906035,,U,2814
PH133900000,Barangay 418,PH133906024,,U,2835
PH133900000,Barangay 292,PH133902006,,U,2846
PH133900000,Barangay 313,PH133905015,,U,2848
PH133900000,Barangay 868,PH133912035,,U,2850
PH133900000,Barangay 38,PH133901038,,U,2870
PH133900000,Barangay 774,PH133914030,,U,2878
PH133900000,Barangay 31,PH133901031,,U,2881
PH133900000,Barangay 847,PH133912015,,U,2883
PH133900000,Barangay 832,PH133911047,,U,2888
PH133900000,Barangay 146,PH133901146,,U,2895
PH133900000,Barangay 53,PH133901053,,U,2916
PH133900000,Barangay 731,PH133910046,,U,2916
PH133900000,Barangay 587,PH133906193,,U,2920
PH133900000,Barangay 669,PH133908011,,U,2928
PH133900000,Barangay 138,PH133901138,,U,2939
PH133900000,Barangay 464,PH133906070,,U,2954
PH133900000,Barangay 66,PH133901066,,U,2956
PH133900000,Barangay 838,PH133912006,,U,2969
PH133900000,Barangay 1,PH133901001,,U,2995
PH133900000,Barangay 823,PH133911038,,U,3002
PH133900000,Barangay 228,PH133901229,,U,3010
PH133900000,Barangay 777,PH133914033,,U,3011
PH133900000,Barangay 837,PH133912005,,U,3039
PH133900000,Barangay 738,PH133910052,,U,3047
PH133900000,Barangay 870,PH133912036,,U,3049
PH133900000,Barangay 398,PH133906004,,U,3068
PH133900000,Barangay 766,PH133914022,,U,3101
PH133900000,Barangay 215,PH133901216,,U,3106
PH133900000,Barangay 672,PH133911006,,U,3133
PH133900000,Barangay 420,PH133906026,,U,3134
PH133900000,Barangay 699,PH133910014,,U,3193
PH133900000,Barangay 590,PH133906197,,U,3209
PH133900000,Barangay 210,PH133901211,,U,3212
PH133900000,Barangay 860,PH133912028,,U,3214
PH133900000,Barangay 213,PH133901214,,U,3231
PH133900000,Barangay 72,PH133901072,,U,3233
PH133900000,Barangay 686,PH133911048,,U,3250
PH133900000,Barangay 109,PH133901109,,U,3254
PH133900000,Barangay 155,PH133901155,,U,3257
PH133900000,Barangay 374,PH133905077,,U,3277
PH133900000,Barangay 177,PH133901177,,U,3308
PH133900000,Barangay 184,PH133901184,,U,3311
PH133900000,Barangay 312,PH133905014,,U,3328
PH133900000,Barangay 702,PH133910017,,U,3342
PH133900000,Barangay 831,PH133911046,,U,3350
PH133900000,Barangay 221,PH133901222,,U,3353
PH133900000,Barangay 43,PH133901043,,U,3362
PH133900000,Barangay 784,PH133914040,,U,3386
PH133900000,Barangay 351,PH133905053,,U,3401
PH133900000,Barangay 385,PH133903005,,U,3406
PH133900000,Barangay 584,PH133906190,,U,3411
PH133900000,Barangay 71,PH133901071,,U,3417
PH133900000,Barangay 880,PH133914073,,U,3417
PH133900000,Barangay 432,PH133906038,,U,3436
PH133900000,Barangay 56,PH133901056,,U,3457
PH133900000,Barangay 199,PH133901199,,U,3471
PH133900000,Barangay 844,PH133912012,,U,3500
PH133900000,Barangay 384,PH133903004,,U,3511
PH133900000,Barangay 185,PH133901185,,U,3532
PH133900000,Barangay 293,PH133902007,,U,3565
PH133900000,Barangay 576,PH133906182,,U,3603
PH133900000,Barangay 787,PH133914043,,U,3622
PH133900000,Barangay 97,PH133901097,,U,3634
PH133900000,Barangay 903,PH133914096,,U,3691
PH133900000,Barangay 254,PH133901255,,U,3713
PH133900000,Barangay 58,PH133901058,,U,3719
PH133900000,Barangay 373,PH133905076,,U,3788
PH133900000,Barangay 736,PH133910061,,U,3806
PH133900000,Barangay 122,PH133901122,,U,3824
PH133900000,Barangay 41,PH133901041,,U,3825
PH133900000,Barangay 866,PH133914064,,U,3835
PH133900000,Barangay 163,PH133901163,,U,3840
PH133900000,Barangay 120,PH133901120,,U,3873
PH133900000,Barangay 375,PH133905078,,U,3909
PH133900000,Barangay 182,PH133901182,,U,3936
PH133900000,Barangay 93,PH133901093,,U,3960
PH133900000,Barangay 85,PH133901085,,U,4032
PH133900000,Barangay 48,PH133901048,,U,4070
PH133900000,Barangay 393,PH133903013,,U,4073
PH133900000,Barangay 33,PH133901033,,U,4082
PH133900000,Barangay 67,PH133901067,,U,4083
PH133900000,Barangay 372,PH133905075,,U,4136
PH133900000,Barangay 740,PH133910054,,U,4138
PH133900000,Barangay 709,PH133910024,,U,4154
PH133900000,Barangay 102,PH133901102,,U,4157
PH133900000,Barangay 117,PH133901117,,U,4160
PH133900000,Barangay 397,PH133906003,,U,4175
PH133900000,Barangay 595,PH133906202,,U,4198
PH133900000,Barangay 50,PH133901050,,U,4217
PH133900000,Barangay 829,PH133911044,,U,4226
PH133900000,Barangay 599,PH133906206,,U,4272
PH133900000,Barangay 781,PH133914037,,U,4275
PH133900000,Barangay 733,PH133910048,,U,4303
PH133900000,Barangay 29,PH133901029,,U,4406
PH133900000,Barangay 779,PH133914035,,U,4444
PH133900000,Barangay 60,PH133901060,,U,4503
PH133900000,Barangay 125,PH133901125,,U,4510
PH133900000,Barangay 121,PH133901121,,U,4511
PH133900000,Barangay 739,PH133910053,,U,4530
PH133900000,Barangay 91,PH133901091,,U,4552
PH133900000,Barangay 776,PH133914032,,U,4592
PH133900000,Barangay 630,PH133906237,,U,4660
PH133900000,Barangay 286,PH133904019,,U,4710
PH133900000,Barangay 103,PH133901103,,U,4772
PH133900000,Barangay 198,PH133901198,,U,5032
PH133900000,Barangay 209,PH133901210,,U,5075
PH133900000,Barangay 586,PH133906192,,U,5105
PH133900000,Barangay 830,PH133911045,,U,5191
PH133900000,Barangay 650,PH133913002,,U,5202
PH133900000,Barangay 704,PH133910019,,U,5299
PH133900000,Barangay 836,PH133912004,,U,5317
PH133900000,Barangay 108,PH133901108,,U,5391
PH133900000,Barangay 767,PH133914023,,U,5429
PH133900000,Barangay 95,PH133901095,,U,5543
PH133900000,Barangay 112,PH133901112,,U,5593
PH133900000,Barangay 648,PH133907012,,U,5634
PH133900000,Barangay 129,PH133901129,,U,5716
PH133900000,Barangay 104,PH133901104,,U,5741
PH133900000,Barangay 600,PH133906207,,U,5892
PH133900000,Barangay 116,PH133901116,,U,5943
PH133900000,Barangay 152,PH133901152,,U,6218
PH133900000,Barangay 99,PH133901099,,U,6310
PH133900000,Barangay 719,PH133910034,,U,6690
PH133900000,Barangay 350,PH133905052,,U,6776
PH133900000,Barangay 107,PH133901107,,U,7003
PH133900000,Barangay 905,PH133914098,,U,7385
PH133900000,Barangay 898,PH133914091,,U,7596
PH133900000,Barangay 601,PH133906208,,U,7759
PH133900000,Barangay 183,PH133901183,,U,8424
PH133900000,Barangay 900,PH133914093,,U,8581
PH133900000,Barangay 123,PH133901123,,U,8660
PH133900000,Barangay 843,PH133912011,,U,8744
PH133900000,Barangay 770,PH133914026,,U,9651
PH133900000,Barangay 118,PH133901118,,U,10840
PH133900000,Barangay 598,PH133906205,,U,12027
PH133900000,Barangay 775,PH133914031,,U,12084
PH133900000,Barangay 310,PH133905012,,U,13602
PH133900000,Barangay 628,PH133906235,,U,15202
PH133900000,Barangay 101,PH133901101,,U,15358
PH133900000,Barangay 275,PH133904008,,U,19809
PH133900000,Barangay 128,PH133901128,,U,23702
PH133900000,Barangay 105,PH133901105,,U,24971
PH133900000,Barangay 20,PH133901020,,U,45772
PH133900000,Barangay 649,PH133913001,,U,64750
